Number,Wallet
0,0xCE6E4F1dc56eE1bcB0546A021D884eCb4B22eC42
1,0x0252dFbad3169ea16665d668af107D5e217579fa
2,0x5009f90F584fb7d59c2Cca7Cfce88C1af3f662bd
3,0xc428f9484b574EBB1B3f84Be45E425413AEC18a2
4,0xbA109916A5f1381845d6FC4a2758C1abD196ff93
5,0xE0dEA755A9853f8eD2d14e3e88393157E81beAF3
6,0x64c4607AD853999EE5042Ba8377BfC4099C273DE
7,0x64c4607AD853999EE5042Ba8377BfC4099C273DE
8,0xCE6E4F1dc56eE1bcB0546A021D884eCb4B22eC42
9,0x5A56fA89E6D61695c2681eceBa308B78Fef4Cb2b
10,0xc6ea0144eC59edD0e7d6b67D5ba074C8677F6E80
11,0x603a59c8e44bba7635FB8BEA59EaB53106865d89
12,0xA24fCDfF33C0C4Ab0129Cc72B58A9BcAcf85B932
13,0xA5f39A1Ad13834A1079572df5FEb0DfcE0f5d7E5
14,0x618711478689a68aA547480c2D9ba72FBFC31774
15,0xc6ea0144eC59edD0e7d6b67D5ba074C8677F6E80
16,0xfFcbe5A6D807D47deea491cFc9A606fDEdfD8eA3
17,0x6213fD5a700d1a059E2fb05077c5Bd1E626Ed9F3
18,0xfFcbe5A6D807D47deea491cFc9A606fDEdfD8eA3
19,0x64c4607AD853999EE5042Ba8377BfC4099C273DE
20,0xF70E7013D4eDD78698447bfB58696e7f386BC67C
21,0x9B6F20E0ea7a409A31E3595210c4CCBceFa95Fe5
22,0x186f7C8e961Ea5fFfB36cDc4Cdaed94e40aBc62a
23,0x5de3c13d424A08D8141668D4b7De15bB8cA23b0B
24,0x6B59918Cfa9a4A360482b98E32bd0EBC61AEe89e
25,0x64c4607AD853999EE5042Ba8377BfC4099C273DE
26,0x28655edB9Ee26AC115A12984B9Bdb5B4Bd69BB36
27,0x64c4607AD853999EE5042Ba8377BfC4099C273DE
28,0xDCB213eDE09Bdd3b3A0a4eBA7b5B21F81e000a97
29,0xF70E7013D4eDD78698447bfB58696e7f386BC67C
30,0x9494D5950802446F2AbDF81149CEA96227861b5c
31,0x906A8B72E609C0372cfE380b37A672AD387501C8
32,0x989923d33bE0612680064Dc7223a9f292C89A538
33,0xe4E01E5F6a9c306Ad7EbCa53BEb943CF6B181045
34,0x0252dFbad3169ea16665d668af107D5e217579fa
35,0x2bA4BfBF7b9Bc71223cBA2B8F19Ca49A696dA9e8
36,0xA7FaBf8A569335ad4eB5586DCe6f03FAcDf61d01
37,0xDCB213eDE09Bdd3b3A0a4eBA7b5B21F81e000a97
38,0x64c4607AD853999EE5042Ba8377BfC4099C273DE
39,0xb29fC57A24fB71BC9ef194Ef4dD7461F22366a43
40,0xfe941D632381460023Aef4455AA456e1b96e45Bb
41,0x112513F784019b701f5556eA3C9d2C086ffcBE07
42,0x64c4607AD853999EE5042Ba8377BfC4099C273DE
43,0xBea4ab7d0a87260b24320D6B0BcAfc627F7a1737
44,0x0252dFbad3169ea16665d668af107D5e217579fa
45,0x82bb8d9FB9Ec3a7DA2Dc3A7dcC48418dAc6BbD4a
46,0xeaDDAAd6500dEb6b7aea9af6B0A378CD67557e40
47,0x8fE4E9cD42c09d71c3CB590F7C2949ca94065001
48,0x5e7cd592A306f7e6a030ed1b88cba5649e42AF72
49,0x10b9382fF92105102D865a10Fed0C0C483805FC4
50,0xf8fD2434AEd4b564c8623A62519dc87FbB61D83D
51,0x60A0019F67ca72EfA41d8B6cA06a25ED5c7D1c44
52,0x1a3c34b26E0F812Fe7496667902A6F18FF053833
53,0x02482370dEaaE6443Af0f8bD19c4345D92364900
54,0xd1A9053AB194c36E16637d0A73475274Aa764738
55,0x16763494C398e72a58B9802b8204E07a62C1C7De
56,0xca2ee0d41F0293ca46404CE3825e26589D3De431
57,0x50a38311098E0Ce5874F9008e336c8cF3B5d7830
58,0xF9856EAE71B956C6eb2Bec6cE437375F84BC9178
59,0x02482370dEaaE6443Af0f8bD19c4345D92364900
60,0x53b319B7c579DA994f01a31263d48cB9AeE07444
61,0xBcE51807bcB31EcABc47A1aF05Fb47e0F9E92170
62,0x0252dFbad3169ea16665d668af107D5e217579fa
63,0x1ec33f8D53BCaba1f1765132AA9ca402e4CB6da9
64,0xbC8B718bFb350629eBBDbffC97e58cd156c6308d
65,0x4cD35473b99125eC4A028081CEc28AA2eB5eef84
66,0x64c4607AD853999EE5042Ba8377BfC4099C273DE
67,0x4e99CC69BBD2611ca4cCFA621C2370C1aE95359b
68,0xEdbB35ED17524718002Ed414aFd71c533E74a5ba
69,0xa19801bB2b3A8239466811913088745fb76799ae
70,0x64c4607AD853999EE5042Ba8377BfC4099C273DE
71,0xf17668Ff22c63E63475D5f7DbDf7585D51E52c76
72,0xA24fCDfF33C0C4Ab0129Cc72B58A9BcAcf85B932
73,0xB833DD536e9B1B82757e1d457714D048c7bBC0EB
74,0x64c4607AD853999EE5042Ba8377BfC4099C273DE
75,0xeaDDAAd6500dEb6b7aea9af6B0A378CD67557e40
76,0xE561fdBCeaa225Ccfa080bCD4D84382e27f6D9d9
77,0xCE6E4F1dc56eE1bcB0546A021D884eCb4B22eC42
78,0xdfF601647CCbC6317f6314bDF20129F74c37B1B2
79,0x587cAf20EC6FfB3E6a93738D99BAF87943D088Cf
80,0x18a7Fb33BE337E8983A21ADC06479Ae083CA4Fab
81,0xf5ffB26AFBdb4a16f0812908c7863677174DE5fe
82,0xB833DD536e9B1B82757e1d457714D048c7bBC0EB
83,0x1a3c34b26E0F812Fe7496667902A6F18FF053833
84,0x15Cdc6Fe82B4Adc404F9041962eE3A8BE29f8fb3
85,0x4f96C32B9EC8DfCB04Ada96Ff6BDc81f92C1F81C
86,0x5de3c13d424A08D8141668D4b7De15bB8cA23b0B
87,0x2BDEC7d5D1f137393880dA3D220A4a75436000f1
88,0x828471C2CEE64A8B146d82C46f39c1889810ab1D
89,0xfFcbe5A6D807D47deea491cFc9A606fDEdfD8eA3
90,0xF70E7013D4eDD78698447bfB58696e7f386BC67C
91,0x2bA4BfBF7b9Bc71223cBA2B8F19Ca49A696dA9e8
92,0x7AC3Fe761e1ee11F5FB79F042A4Fd45911dD640f
93,0x90b1c0E539413E332d7e5d8Cccb199b76941EC8B
94,0xB70219C02CA65F257079370CE34CDCAfF837E7CD
95,0x52Fc297ce072148A99bc0D6A2D8a8D34Ae0b145d
96,0xB833DD536e9B1B82757e1d457714D048c7bBC0EB
97,0x02482370dEaaE6443Af0f8bD19c4345D92364900
98,0x9C44888443bb570AB15033b0A71f5d8f273171Fb
99,0x90b1c0E539413E332d7e5d8Cccb199b76941EC8B
